original_feature,importance
f14_year,0.18093988226276742
f5,0.15612119970434576
f1,0.14658880966663806
f4,0.06958067193493342
f16,0.05306476953117926
f3,0.04731972770871692
f14_month,0.044084421666728414
f2,0.04217913756491134
f30,0.03564254573676999
f18,0.03284691849829816
f15,0.031166884258640868
f14_hour,0.027585700574244133
f12,0.024838311951550594
f17,0.018848157624231136
f14_day,0.016153988494156897
f20,0.015313349292423466
f25,0.01522987773677918
f14_dayofweek,0.014915077782164238
f34,0.00557421688350846
f33,0.004673074010029444
f19,0.004141089350696044
f31,0.003839458074626323
f32,0.003493847474759888
f28,0.00261189053396033
f21,0.0017345261468105651
f27,0.0011013922948651955
f23,0.00041107324126467656
f29,0.0
f26,0.0
f24,0.0
